H,Li,Be,B,C,N,Na,Mg,Al,Si,P,K,Ca,Sc,Ti,V,Cr,Mn,Fe,Co,Ni,Cu,Zn,Ga,Ge,As,Rb,Sr,Y,Zr,Nb,Mo,Tc,Ru,Rh,Pd,Ag,Cd,In,Sn,Sb,Cs,Ba,La,Ce,Pr,Nd,Pm,Sm,Eu,Gd,Tb,Dy,Ho,Er,Tm,Yb,Lu,Hf,Ta,W,Re,Os,Ir,Pt,Au,Hg,Tl,Pb,Bi,Th,U,Pu
H,0.0,-25.0,2.0,5.0,-3.0,-18.0,-16.0,-19.0,-8.0,-19.0,0.5,-16.0,-46.0,-60.0,-54.0,-39.0,-28.0,-34.0,-23.0,-23.0,-23.0,-6.0,-8.0,-8.0,-14.5,-1.0,-16.0,-45.0,-61.0,-69.0,-46.0,-28.0,-21.0,-20.0,-23.0,-27.0,-10.0,-6.0,-6.0,-4.0,-1.0,-16.0,-49.0,-60.0,-61.0,-61.0,-61.0,-61.0,-61.0,-45.0,-61.0,-61.0,-61.0,-60.0,-61.0,-61.0,-45.0,-61.0,-63.0,-46.0,-24.0,-18.0,-19.0,-20.0,-24.0,-8.0,-3.0,-3.0,-1.0,0.0,-61.0,-53.0,-54.0
Li,-25.0,0.0,-5.0,-6.0,-61.0,-145.0,4.0,0.0,-4.0,-30.0,-45.5,11.0,-1.0,12.0,34.0,37.0,35.0,19.0,26.0,8.0,1.0,-5.0,-7.0,-9.0,-34.5,-29.0,13.0,0.0,8.0,27.0,51.0,49.0,8.0,5.0,-14.0,-40.0,-16.0,-13.0,-12.0,-18.0,-28.0,16.0,0.0,6.0,7.0,7.0,7.0,8.0,8.0,-1.0,8.0,9.0,9.0,8.0,9.0,9.0,-1.0,10.0,30.0,48.0,50.0,29.0,11.0,-9.0,-33.0,-37.0,-19.0,-15.0,-21.0,-23.0,14.0,30.0,21.0
Be,2.0,-5.0,0.0,0.0,-15.0,-39.0,18.0,-3.0,0.0,-15.0,-3.5,27.0,-14.0,-36.0,-30.0,-16.0,-7.0,-10.0,-4.0,-4.0,-4.0,0.0,4.0,5.0,-3.5,7.0,28.0,-10.0,-32.0,-43.0,-25.0,-7.0,-3.0,-3.0,-6.0,-8.0,6.0,11.0,16.0,15.0,18.0,29.0,-10.0,-29.0,-30.0,-31.0,-31.0,-33.0,-32.0,-12.0,-32.0,-33.0,-32.0,-32.0,-33.0,-33.0,-14.0,-35.0,-37.0,-24.0,-3.0,0.0,-2.0,-5.0,-10.0,0.0,15.0,23.0,25.0,26.0,-37.0,-27.0,-25.0
B,5.0,-6.0,0.0,0.0,-10.0,-28.0,18.0,-4.0,0.0,-14.0,0.5,27.0,-22.0,-55.0,-58.0,-42.0,-31.0,-32.0,-26.0,-24.0,-24.0,0.0,4.0,6.0,-0.5,10.0,28.0,-18.0,-50.0,-71.0,-54.0,-34.0,-25.0,-24.0,-25.0,-24.0,5.0,13.0,18.0,18.0,23.0,29.0,-19.0,-47.0,-48.0,-49.0,-49.0,-51.0,-50.0,-19.0,-50.0,-51.0,-51.0,-50.0,-52.0,-52.0,-22.0,-54.0,-66.0,-54.0,-31.0,-25.0,-24.0,-26.0,-28.0,-2.0,19.0,27.0,30.0,31.0,-57.0,-54.0,-50.0
C,-3.0,-61.0,-15.0,-10.0,0.0,-2.0,-45.0,-55.0,-36.0,-39.0,-4.5,-43.0,-89.0,-118.0,-109.0,-82.0,-61.0,-66.0,-50.0,-42.0,-39.0,-33.0,-32.0,-33.0,-29.5,-14.0,-44.0,-87.0,-117.0,-131.0,-102.0,-67.0,-39.0,-35.0,-35.0,-32.0,-32.0,-27.0,-27.0,-23.0,-13.0,-43.0,-90.0,-116.0,-116.0,-117.0,-116.0,-118.0,-117.0,-87.0,-117.0,-118.0,-117.0,-116.0,-118.0,-117.0,-88.0,-119.0,-123.0,-101.0,-60.0,-42.0,-35.0,-32.0,-30.0,-20.0,-20.0,-19.0,-13.0,-12.0,-123.0,-105.0,-102.0
N,-18.0,-145.0,-39.0,-28.0,-2.0,0.0,-141.0,-134.0,-92.0,-81.0,-24.5,-152.0,-201.0,-224.0,-190.0,-143.0,-107.0,-119.0,-87.0,-75.0,-69.0,-84.0,-88.0,-95.0,-78.5,-59.0,-154.0,-206.0,-232.0,-233.0,-174.0,-115.0,-68.0,-61.0,-63.0,-62.0,-94.0,-91.0,-98.0,-90.0,-74.0,-155.0,-212.0,-235.0,-234.0,-233.0,-235.0,-233.0,-202.0,-231.0,-232.0,-232.0,-231.0,-229.0,-230.0,-229.0,-199.0,-231.0,-218.0,-173.0,-103.0,-72.0,-60.0,-54.0,-52.0,-58.0,-81.0,-91.0,-82.0,-80.0,-237.0,-189.0,-188.0
Na,-16.0,4.0,18.0,18.0,-45.0,-141.0,0.0,10.0,13.0,-11.0,-26.5,1.0,1.0,34.0,68.0,73.0,71.0,49.0,62.0,41.0,32.0,16.0,6.0,5.0,-21.5,-14.0,2.0,-2.0,28.0,59.0,93.0,93.0,47.0,44.0,19.0,-15.0,0.0,-3.0,-5.0,-8.0,-20.0,3.0,-3.0,24.0,25.0,26.0,26.0,28.0,28.0,0.0,28.0,29.0,29.0,28.0,30.0,30.0,2.0,31.0,63.0,89.0,97.0,73.0,52.0,28.0,-1.0,-14.0,-11.0,-11.0,-18.0,-20.0,39.0,65.0,49.0
Mg,-19.0,0.0,-3.0,-4.0,-55.0,-134.0,10.0,0.0,-2.0,-26.0,-39.5,20.0,-6.0,-3.0,16.0,23.0,24.0,10.0,18.0,3.0,-4.0,-3.0,-4.0,-4.0,-26.5,-21.0,23.0,-4.0,-6.0,6.0,32.0,36.0,3.0,0.0,-17.0,-40.0,-10.0,-6.0,-4.0,-9.0,-16.0,25.0,-4.0,-7.0,-7.0,-6.0,-6.0,-6.0,-6.0,-5.0,-6.0,-6.0,-6.0,-6.0,-5.0,-5.0,-6.0,-5.0,10.0,30.0,38.0,21.0,5.0,-13.0,-35.0,-32.0,-10.0,-3.0,-8.0,-10.0,-3.0,14.0,6.0
Al,-8.0,-4.0,0.0,0.0,-36.0,-92.0,13.0,-2.0,0.0,-19.0,-20.5,23.0,-20.0,-38.0,-30.0,-16.0,-10.0,-19.0,-11.0,-19.0,-22.0,-1.0,1.0,1.0,-14.5,-6.0,25.0,-18.0,-38.0,-44.0,-18.0,-5.0,-20.0,-21.0,-32.0,-46.0,-4.0,3.0,7.0,4.0,2.0,26.0,-20.0,-38.0,-38.0,-38.0,-38.0,-39.0,-38.0,-19.0,-39.0,-39.0,-38.0,-38.0,-38.0,-38.0,-20.0,-39.0,-39.0,-19.0,-2.0,-9.0,-18.0,-30.0,-44.0,-22.0,4.0,11.0,10.0,10.0,-40.0,-30.0,-33.0
Si,-19.0,-30.0,-15.0,-14.0,-39.0,-81.0,-11.0,-26.0,-19.0,0.0,-25.5,-4.0,-51.0,-74.0,-66.0,-48.0,-37.0,-45.0,-35.0,-38.0,-40.0,-19.0,-18.0,-17.0,-14.5,-17.0,-4.0,-49.0,-73.0,-84.0,-56.0,-35.0,-38.0,-38.0,-46.0,-55.0,-20.0,-13.0,-10.0,-11.0,-8.0,-3.0,-52.0,-73.0,-73.0,-73.0,-73.0,-74.0,-74.0,-49.0,-73.0,-74.0,-74.0,-73.0,-74.0,-74.0,-51.0,-75.0,-77.0,-56.0,-31.0,-31.0,-36.0,-43.0,-53.0,-30.0,-10.0,-4.0,-2.0,-2.0,-77.0,-66.0,-66.0
P,0.5,-45.5,-3.5,0.5,-4.5,-24.5,-26.5,-39.5,-20.5,-25.5,0.0,-24.5,-81.5,-112.5,-100.5,-70.5,-49.5,-57.5,-39.5,-35.5,-34.5,-17.5,-17.5,-18.5,-17.0,-2.5,-24.5,-81.5,-113.5,-127.5,-89.5,-53.5,-33.5,-30.5,-34.5,-36.5,-18.5,-11.5,-10.5,-7.5,2.5,-24.5,-85.5,-112.5,-112.5,-112.5,-112.5,-114.5,-113.5,-79.5,-113.5,-113.5,-112.5,-111.5,-113.5,-112.5,-80.5,-114.5,-117.5,-89.5,-46.5,-32.5,-29.5,-30.5,-34.5,-13.5,-4.5,-1.5,4.5,5.5,-119.5,-98.5,-95.5
K,-16.0,11.0,27.0,27.0,-43.0,-152.0,1.0,20.0,23.0,-4.0,-24.5,0.0,12.0,58.0,94.0,96.0,91.0,66.0,81.0,55.0,45.0,25.0,13.0,12.0,-19.5,-11.0,0.0,7.0,50.0,88.0,123.0,120.0,65.0,60.0,31.0,-9.0,7.0,1.0,-4.0,-7.0,-22.0,0.0,6.0,46.0,47.0,49.0,49.0,51.0,50.0,10.0,50.0,52.0,51.0,51.0,53.0,52.0,12.0,55.0,92.0,119.0,124.0,95.0,70.0,42.0,9.0,-9.0,-10.0,-13.0,-21.0,-24.0,65.0,93.0,72.0
Ca,-46.0,-1.0,-14.0,-22.0,-89.0,-201.0,1.0,-6.0,-20.0,-51.0,-81.5,12.0,0.0,17.0,43.0,44.0,38.0,19.0,25.0,2.0,-7.0,-13.0,-22.0,-28.0,-59.5,-61.0,15.0,1.0,11.0,37.0,63.0,56.0,1.0,-4.0,-28.0,-63.0,-28.0,-32.0,-35.0,-45.0,-62.0,19.0,1.0,8.0,9.0,10.0,10.0,11.0,11.0,0.0,11.0,12.0,12.0,11.0,13.0,13.0,0.0,14.0,39.0,60.0,57.0,28.0,4.0,-23.0,-55.0,-60.0,-43.0,-40.0,-52.0,-56.0,19.0,37.0,24.0
Sc,-60.0,12.0,-36.0,-55.0,-118.0,-224.0,34.0,-3.0,-38.0,-74.0,-112.5,58.0,17.0,0.0,8.0,7.0,1.0,-8.0,-11.0,-30.0,-39.0,-24.0,-29.0,-38.0,-69.5,-77.0,64.0,25.0,1.0,4.0,18.0,11.0,-39.0,-44.0,-61.0,-86.0,-28.0,-30.0,-30.0,-45.0,-61.0,70.0,28.0,2.0,2.0,1.0,2.0,1.0,1.0,21.0,1.0,1.0,1.0,1.0,0.0,0.0,16.0,0.0,5.0,16.0,9.0,-17.0,-39.0,-62.0,-89.0,-74.0,-37.0,-28.0,-40.0,-46.0,0.0,3.0,-1.0
Ti,-54.0,34.0,-30.0,-58.0,-109.0,-190.0,68.0,16.0,-30.0,-66.0,-100.5,94.0,43.0,8.0,0.0,-2.0,-7.0,-8.0,-17.0,-28.0,-35.0,-9.0,-15.0,-23.0,-51.5,-60.0,100.0,53.0,15.0,0.0,2.0,-4.0,-39.0,-43.0,-52.0,-65.0,-2.0,-8.0,-5.0,-21.0,-33.0,104.0,57.0,20.0,18.0,17.0,17.0,15.0,15.0,48.0,15.0,14.0,14.0,14.0,13.0,12.0,41.0,11.0,0.0,1.0,-6.0,-25.0,-41.0,-57.0,-74.0,-47.0,-10.0,2.0,-8.0,-14.0,8.0,0.0,2.0
V,-39.0,37.0,-16.0,-42.0,-82.0,-143.0,73.0,23.0,-16.0,-48.0,-70.5,96.0,44.0,7.0,-2.0,0.0,-2.0,-1.0,-7.0,-14.0,-18.0,5.0,-2.0,-8.0,-31.5,-35.0,100.0,54.0,17.0,-4.0,-1.0,0.0,-21.0,-25.0,-29.0,-35.0,17.0,9.0,12.0,-1.0,-8.0,103.0,57.0,22.0,20.0,18.0,18.0,16.0,17.0,49.0,17.0,15.0,15.0,16.0,14.0,13.0,43.0,11.0,-2.0,-1.0,-1.0,-13.0,-23.0,-34.0,-45.0,-19.0,10.0,22.0,15.0,10.0,9.0,1.0,4.0
Cr,-28.0,35.0,-7.0,-31.0,-61.0,-107.0,71.0,24.0,-10.0,-37.0,-49.5,91.0,38.0,1.0,-7.0,-2.0,0.0,2.0,-1.0,-4.0,-7.0,12.0,5.0,-1.0,-18.5,-19.0,94.0,47.0,11.0,-12.0,-7.0,0.0,-9.0,-12.0,-13.0,-15.0,27.0,17.0,20.0,10.0,7.0,97.0,50.0,17.0,15.0,13.0,13.0,10.0,11.0,43.0,11.0,9.0,9.0,10.0,8.0,8.0,37.0,5.0,-9.0,-7.0,1.0,-4.0,-11.0,-18.0,-24.0,0.0,21.0,31.0,28.0,24.0,2.0,-3.0,2.0
Mn,-34.0,19.0,-10.0,-32.0,-66.0,-119.0,49.0,10.0,-19.0,-45.0,-57.5,66.0,19.0,-8.0,-8.0,-1.0,2.0,0.0,0.0,-5.0,-8.0,4.0,-6.0,-13.0,-31.5,-31.0,69.0,27.0,-1.0,-15.0,-4.0,5.0,-8.0,-11.0,-16.0,-23.0,13.0,2.0,3.0,-7.0,-11.0,71.0,29.0,3.0,1.0,0.0,0.0,-2.0,-1.0,23.0,-1.0,-3.0,-3.0,-2.0,-4.0,-4.0,19.0,-6.0,-12.0,-4.0,6.0,-1.0,-9.0,-18.0,-28.0,-11.0,4.0,11.0,7.0,3.0,-8.0,-5.0,-4.0
Fe,-23.0,26.0,-4.0,-26.0,-50.0,-87.0,62.0,18.0,-11.0,-35.0,-39.5,81.0,25.0,-11.0,-17.0,-7.0,-1.0,0.0,0.0,-1.0,-2.0,13.0,4.0,-2.0,-15.5,-14.0,83.0,34.0,-1.0,-25.0,-16.0,-2.0,-3.0,-5.0,-5.0,-4.0,28.0,17.0,19.0,11.0,10.0,85.0,37.0,5.0,3.0,1.0,1.0,-2.0,-1.0,30.0,-1.0,-3.0,-3.0,-2.0,-5.0,-5.0,25.0,-7.0,-21.0,-15.0,0.0,0.0,-4.0,-9.0,-13.0,8.0,22.0,31.0,29.0,26.0,-11.0,-11.0,-6.0
Co,-23.0,8.0,-4.0,-24.0,-42.0,-75.0,41.0,3.0,-19.0,-38.0,-35.5,55.0,2.0,-30.0,-28.0,-14.0,-4.0,-5.0,-1.0,0.0,0.0,6.0,-5.0,-11.0,-21.5,-18.0,57.0,10.0,-22.0,-41.0,-25.0,-5.0,0.0,-1.0,-2.0,-1.0,19.0,6.0,7.0,0.0,2.0,58.0,11.0,-17.0,-18.0,-20.0,-20.0,-23.0,-22.0,7.0,-22.0,-23.0,-23.0,-22.0,-24.0,-24.0,2.0,-27.0,-35.0,-24.0,-1.0,2.0,0.0,-3.0,-7.0,7.0,12.0,18.0,17.0,14.0,-30.0,-23.0,-19.0
Ni,-23.0,1.0,-4.0,-24.0,-39.0,-69.0,32.0,-4.0,-22.0,-40.0,-34.5,45.0,-7.0,-39.0,-35.0,-18.0,-7.0,-8.0,-2.0,0.0,0.0,4.0,-9.0,-15.0,-23.5,-19.0,47.0,-1.0,-31.0,-49.0,-30.0,-7.0,1.0,0.0,-1.0,0.0,15.0,2.0,2.0,-4.0,-1.0,48.0,0.0,-27.0,-28.0,-30.0,-30.0,-32.0,-31.0,-3.0,-31.0,-32.0,-32.0,-31.0,-34.0,-34.0,-7.0,-36.0,-42.0,-29.0,-3.0,2.0,1.0,-2.0,-5.0,7.0,8.0,13.0,13.0,10.0,-39.0,-29.0,-25.0
Cu,-6.0,-5.0,0.0,0.0,-33.0,-84.0,16.0,-3.0,-1.0,-19.0,-17.5,25.0,-13.0,-24.0,-9.0,5.0,12.0,4.0,13.0,6.0,4.0,0.0,1.0,1.0,-11.5,-3.0,27.0,-9.0,-22.0,-23.0,3.0,19.0,8.0,7.0,-2.0,-14.0,2.0,6.0,10.0,7.0,7.0,28.0,-9.0,-21.0,-21.0,-22.0,-22.0,-23.0,-22.0,-10.0,-22.0,-23.0,-22.0,-22.0,-23.0,-23.0,-12.0,-24.0,-17.0,2.0,22.0,18.0,10.0,0.0,-12.0,-9.0,8.0,15.0,15.0,15.0,-24.0,-7.0,-9.0
Zn,-8.0,-7.0,4.0,4.0,-32.0,-88.0,6.0,-4.0,1.0,-18.0,-17.5,13.0,-22.0,-29.0,-15.0,-2.0,5.0,-6.0,4.0,-5.0,-9.0,1.0,0.0,0.0,-15.5,-6.0,14.0,-21.0,-32.0,-29.0,-1.0,12.0,-4.0,-5.0,-17.0,-33.0,-4.0,1.0,3.0,1.0,-1.0,15.0,-23.0,-31.0,-31.0,-31.0,-31.0,-32.0,-31.0,-21.0,-31.0,-31.0,-31.0,-30.0,-31.0,-30.0,-21.0,-31.0,-24.0,-3.0,15.0,8.0,-1.0,-13.0,-29.0,-16.0,1.0,6.0,5.0,4.0,-30.0,-15.0,-20.0
Ga,-8.0,-9.0,5.0,6.0,-33.0,-95.0,5.0,-4.0,1.0,-17.0,-18.5,12.0,-28.0,-38.0,-23.0,-8.0,-1.0,-13.0,-2.0,-11.0,-15.0,1.0,0.0,0.0,-15.5,-6.0,13.0,-27.0,-40.0,-40.0,-8.0,7.0,-10.0,-11.0,-25.0,-42.0,-5.0,1.0,3.0,1.0,-1.0,14.0,-30.0,-41.0,-41.0,-41.0,-40.0,-41.0,-40.0,-27.0,-40.0,-40.0,-40.0,-39.0,-40.0,-39.0,-27.0,-40.0,-34.0,-10.0,11.0,3.0,-7.0,-21.0,-38.0,-19.0,1.0,6.0,5.0,4.0,-39.0,-25.0,-29.0
Ge,-14.5,-34.5,-3.5,-0.5,-29.5,-78.5,-21.5,-26.5,-14.5,-14.5,-17.0,-19.5,-59.5,-69.5,-51.5,-31.5,-18.5,-31.5,-15.5,-21.5,-23.5,-11.5,-15.5,-15.5,0.0,-12.5,-19.5,-59.5,-72.5,-72.5,-36.5,-13.5,-18.5,-18.5,-29.5,-43.5,-17.5,-14.5,-13.5,-12.5,-10.5,-19.5,-63.5,-73.5,-73.5,-72.5,-101.5,-73.5,-72.5,-58.5,-72.5,-72.5,-71.5,-71.5,-71.5,-71.5,-58.5,-71.5,-65.5,-37.5,-7.5,-7.5,-14.5,-24.5,-37.5,-21.5,-11.5,-9.5,-7.5,-7.5,-72.5,-52.5,-56.5
As,-1.0,-29.0,7.0,10.0,-14.0,-59.0,-14.0,-21.0,-6.0,-17.0,-2.5,-11.0,-61.0,-77.0,-60.0,-35.0,-19.0,-31.0,-14.0,-18.0,-19.0,-3.0,-6.0,-6.0,-12.5,0.0,-12.0,-61.0,-80.0,-85.0,-44.0,-16.0,-15.0,-14.0,-24.0,-36.0,-8.0,-4.0,-3.0,-1.0,3.0,-12.0,-66.0,-81.0,-81.0,-81.0,-80.0,-81.0,-80.0,-60.0,-80.0,-80.0,-80.0,-79.0,-79.0,-79.0,-59.0,-80.0,-75.0,-45.0,-9.0,-6.0,-11.0,-19.0,-31.0,-11.0,0.0,3.0,6.0,7.0,-82.0,-60.0,-62.0
Rb,-16.0,13.0,28.0,28.0,-44.0,-154.0,2.0,23.0,25.0,-4.0,-24.5,0.0,15.0,64.0,100.0,100.0,94.0,69.0,83.0,57.0,47.0,27.0,14.0,13.0,-19.5,-12.0,0.0,10.0,56.0,95.0,130.0,125.0,67.0,62.0,33.0,-9.0,7.0,1.0,-4.0,-7.0,-24.0,0.0,9.0,52.0,53.0,55.0,55.0,57.0,56.0,13.0,56.0,58.0,58.0,57.0,59.0,59.0,16.0,61.0,98.0,125.0,129.0,98.0,72.0,44.0,9.0,-10.0,-11.0,-14.0,-23.0,-26.0,72.0,99.0,77.0
Sr,-45.0,0.0,-10.0,-18.0,-87.0,-206.0,-2.0,-4.0,-18.0,-49.0,-81.5,7.0,1.0,25.0,53.0,54.0,47.0,27.0,34.0,10.0,-1.0,-9.0,-21.0,-27.0,-59.5,-61.0,10.0,0.0,17.0,48.0,76.0,69.0,10.0,5.0,-22.0,-61.0,-27.0,-33.0,-37.0,-46.0,-66.0,14.0,0.0,14.0,15.0,16.0,16.0,18.0,17.0,0.0,17.0,18.0,18.0,18.0,20.0,20.0,1.0,21.0,50.0,73.0,70.0,39.0,13.0,-16.0,-50.0,-59.0,-45.0,-44.0,-56.0,-61.0,27.0,48.0,33.0
Y,-61.0,8.0,-32.0,-50.0,-117.0,-232.0,28.0,-6.0,-38.0,-73.0,-113.5,50.0,11.0,1.0,15.0,17.0,11.0,-1.0,-1.0,-22.0,-31.0,-22.0,-32.0,-40.0,-72.5,-80.0,56.0,17.0,0.0,9.0,30.0,24.0,-29.0,-34.0,-54.0,-84.0,-29.0,-35.0,-36.0,-51.0,-68.0,62.0,20.0,0.0,0.0,0.0,0.0,0.0,0.0,14.0,0.0,0.0,0.0,0.0,0.0,0.0,10.0,0.0,11.0,27.0,24.0,-4.0,-28.0,-53.0,-83.0,-74.0,-43.0,-35.0,-48.0,-54.0,1.0,11.0,4.0
Zr,-69.0,27.0,-43.0,-71.0,-131.0,-233.0,59.0,6.0,-44.0,-84.0,-127.5,88.0,37.0,4.0,0.0,-4.0,-12.0,-15.0,-25.0,-41.0,-49.0,-23.0,-29.0,-40.0,-72.5,-85.0,95.0,48.0,9.0,0.0,4.0,-6.0,-53.0,-59.0,-72.0,-91.0,-20.0,-26.0,-25.0,-43.0,-60.0,101.0,52.0,13.0,12.0,10.0,10.0,9.0,9.0,42.0,9.0,8.0,8.0,9.0,7.0,7.0,36.0,6.0,0.0,3.0,-9.0,-35.0,-55.0,-76.0,-100.0,-74.0,-31.0,-19.0,-33.0,-40.0,4.0,-3.0,-3.0
Nb,-46.0,51.0,-25.0,-54.0,-102.0,-174.0,93.0,32.0,-18.0,-56.0,-89.5,123.0,63.0,18.0,2.0,-1.0,-7.0,-4.0,-16.0,-25.0,-30.0,3.0,-1.0,-8.0,-36.5,-44.0,130.0,76.0,30.0,4.0,0.0,-6.0,-36.0,-41.0,-46.0,-53.0,16.0,11.0,15.0,-1.0,-11.0,135.0,81.0,36.0,34.0,32.0,32.0,29.0,30.0,69.0,30.0,28.0,27.0,28.0,26.0,25.0,61.0,23.0,4.0,0.0,-8.0,-26.0,-39.0,-53.0,-67.0,-32.0,11.0,26.0,17.0,12.0,20.0,4.0,9.0
Mo,-28.0,49.0,-7.0,-34.0,-67.0,-115.0,93.0,36.0,-5.0,-35.0,-53.5,120.0,56.0,11.0,-4.0,0.0,0.0,5.0,-2.0,-5.0,-7.0,19.0,12.0,7.0,-13.5,-16.0,125.0,69.0,24.0,-6.0,-6.0,0.0,-11.0,-14.0,-15.0,-15.0,37.0,28.0,33.0,20.0,17.0,128.0,73.0,31.0,29.0,26.0,26.0,23.0,24.0,63.0,24.0,22.0,22.0,22.0,20.0,19.0,55.0,17.0,-4.0,-5.0,0.0,-7.0,-14.0,-21.0,-28.0,3.0,32.0,46.0,42.0,38.0,13.0,2.0,8.0
Tc,-21.0,8.0,-3.0,-25.0,-39.0,-68.0,47.0,3.0,-20.0,-38.0,-33.5,65.0,1.0,-39.0,-39.0,-21.0,-9.0,-8.0,-3.0,0.0,1.0,8.0,-4.0,-10.0,-18.5,-15.0,67.0,10.0,-29.0,-53.0,-36.0,-11.0,0.0,0.0,0.0,4.0,24.0,10.0,11.0,5.0,8.0,69.0,11.0,-23.0,-25.0,-27.0,-27.0,-30.0,-29.0,6.0,-29.0,-30.0,-30.0,-29.0,-32.0,-32.0,1.0,-35.0,-47.0,-35.0,-7.0,0.0,0.0,-2.0,-3.0,14.0,18.0,25.0,26.0,23.0,-39.0,-31.0,-26.0
Ru,-20.0,5.0,-3.0,-24.0,-35.0,-61.0,44.0,0.0,-21.0,-38.0,-30.5,60.0,-4.0,-44.0,-43.0,-25.0,-12.0,-11.0,-5.0,-1.0,0.0,7.0,-5.0,-11.0,-18.5,-14.0,62.0,5.0,-34.0,-59.0,-41.0,-14.0,0.0,0.0,1.0,6.0,23.0,9.0,10.0,4.0,9.0,64.0,6.0,-28.0,-30.0,-32.0,-32.0,-35.0,-34.0,2.0,-34.0,-35.0,-35.0,-34.0,-37.0,-37.0,-4.0,-40.0,-52.0,-39.0,-10.0,-1.0,0.0,-1.0,-1.0,15.0,18.0,24.0,25.0,23.0,-45.0,-36.0,-30.0
Rh,-23.0,-14.0,-6.0,-25.0,-35.0,-63.0,19.0,-17.0,-32.0,-46.0,-34.5,31.0,-28.0,-61.0,-52.0,-29.0,-13.0,-16.0,-5.0,-2.0,-1.0,-2.0,-17.0,-25.0,-29.5,-24.0,33.0,-22.0,-54.0,-72.0,-46.0,-15.0,0.0,1.0,0.0,2.0,10.0,-6.0,-8.0,-13.0,-8.0,34.0,-21.0,-50.0,-52.0,-53.0,-53.0,-56.0,-54.0,-24.0,-54.0,-56.0,-55.0,-54.0,-57.0,-56.0,-28.0,-59.0,-63.0,-45.0,-9.0,1.0,2.0,1.0,-2.0,7.0,2.0,5.0,6.0,3.0,-63.0,-46.0,-42.0
Pd,-27.0,-40.0,-8.0,-24.0,-32.0,-62.0,-15.0,-40.0,-46.0,-55.0,-36.5,-9.0,-63.0,-86.0,-65.0,-35.0,-15.0,-23.0,-4.0,-1.0,0.0,-14.0,-33.0,-42.0,-43.5,-36.0,-9.0,-61.0,-84.0,-91.0,-53.0,-15.0,4.0,6.0,2.0,0.0,-7.0,-26.0,-31.0,-34.0,-28.0,-9.0,-62.0,-82.0,-83.0,-83.0,-83.0,-86.0,-84.0,-61.0,-84.0,-85.0,-84.0,-83.0,-85.0,-85.0,-62.0,-87.0,-80.0,-52.0,-6.0,6.0,8.0,6.0,2.0,0.0,-18.0,-21.0,-18.0,-21.0,-91.0,-59.0,-58.0
Ag,-10.0,-16.0,6.0,5.0,-32.0,-94.0,0.0,-10.0,-4.0,-20.0,-18.5,7.0,-28.0,-28.0,-2.0,17.0,27.0,13.0,28.0,19.0,15.0,2.0,-4.0,-5.0,-17.5,-8.0,7.0,-27.0,-29.0,-20.0,16.0,37.0,24.0,23.0,10.0,-7.0,0.0,-2.0,-2.0,-3.0,-4.0,8.0,-28.0,-30.0,-30.0,-30.0,-29.0,-30.0,-30.0,-27.0,-29.0,-29.0,-29.0,-29.0,-29.0,-29.0,-28.0,-30.0,-13.0,15.0,43.0,38.0,28.0,16.0,-1.0,-6.0,-1.0,3.0,3.0,2.0,-29.0,0.0,-6.0
Cd,-6.0,-13.0,11.0,13.0,-27.0,-91.0,-3.0,-6.0,3.0,-13.0,-11.5,1.0,-32.0,-30.0,-8.0,9.0,17.0,2.0,17.0,6.0,2.0,6.0,1.0,1.0,-14.5,-4.0,1.0,-33.0,-35.0,-26.0,11.0,28.0,10.0,9.0,-6.0,-26.0,-2.0,0.0,0.0,0.0,-2.0,1.0,-36.0,-36.0,-36.0,-35.0,-35.0,-35.0,-35.0,-32.0,-35.0,-34.0,-34.0,-33.0,-33.0,-33.0,-31.0,-33.0,-19.0,9.0,33.0,25.0,14.0,0.0,-18.0,-11.0,0.0,2.0,2.0,1.0,-32.0,-8.0,-16.0
In,-6.0,-12.0,16.0,18.0,-27.0,-98.0,-5.0,-4.0,7.0,-10.0,-10.5,-4.0,-35.0,-30.0,-5.0,12.0,20.0,3.0,19.0,7.0,2.0,10.0,3.0,3.0,-13.5,-3.0,-4.0,-37.0,-36.0,-25.0,15.0,33.0,11.0,10.0,-8.0,-31.0,-2.0,0.0,0.0,0.0,-4.0,-4.0,-42.0,-39.0,-38.0,-37.0,-37.0,-37.0,-36.0,-35.0,-36.0,-35.0,-35.0,-35.0,-34.0,-34.0,-34.0,-34.0,-18.0,13.0,38.0,29.0,16.0,0.0,-21.0,-11.0,-1.0,0.0,-1.0,-1.0,-31.0,-7.0,-16.0
Sn,-4.0,-18.0,15.0,18.0,-23.0,-90.0,-8.0,-9.0,4.0,-11.0,-7.5,-7.0,-45.0,-45.0,-21.0,-1.0,10.0,-7.0,11.0,0.0,-4.0,7.0,1.0,1.0,-12.5,-1.0,-7.0,-46.0,-51.0,-43.0,-1.0,20.0,5.0,4.0,-13.0,-34.0,-3.0,0.0,0.0,0.0,-1.0,-7.0,-51.0,-53.0,-52.0,-52.0,-51.0,-52.0,-51.0,-44.0,-51.0,-50.0,-50.0,-49.0,-49.0,-49.0,-43.0,-49.0,-35.0,-3.0,27.0,20.0,9.0,-5.0,-25.0,-10.0,0.0,2.0,2.0,1.0,-48.0,-23.0,-30.0
Sb,-1.0,-28.0,18.0,23.0,-13.0,-74.0,-20.0,-16.0,2.0,-8.0,2.5,-22.0,-62.0,-61.0,-33.0,-8.0,7.0,-11.0,10.0,2.0,-1.0,7.0,-1.0,-1.0,-10.5,3.0,-24.0,-66.0,-68.0,-60.0,-11.0,17.0,8.0,9.0,-8.0,-28.0,-4.0,-2.0,-4.0,-1.0,0.0,-25.0,-72.0,-71.0,-70.0,-69.0,-69.0,-69.0,-68.0,-63.0,-68.0,-67.0,-67.0,-66.0,-66.0,-66.0,-61.0,-66.0,-50.0,-13.0,25.0,23.0,14.0,1.0,-17.0,-4.0,-1.0,-1.0,1.0,1.0,-65.0,-34.0,-42.0
Cs,-16.0,16.0,29.0,29.0,-43.0,-155.0,3.0,25.0,26.0,-3.0,-24.5,0.0,19.0,70.0,104.0,103.0,97.0,71.0,85.0,58.0,48.0,28.0,15.0,14.0,-19.5,-12.0,0.0,14.0,62.0,101.0,135.0,128.0,69.0,64.0,34.0,-9.0,8.0,1.0,-4.0,-7.0,-25.0,0.0,12.0,57.0,59.0,60.0,60.0,63.0,62.0,16.0,62.0,64.0,63.0,62.0,65.0,65.0,19.0,67.0,104.0,130.0,132.0,101.0,74.0,45.0,10.0,-9.0,-11.0,-15.0,-25.0,-27.0,78.0,104.0,81.0
Ba,-49.0,0.0,-10.0,-19.0,-90.0,-212.0,-3.0,-4.0,-20.0,-52.0,-85.5,6.0,1.0,28.0,57.0,57.0,50.0,29.0,37.0,11.0,0.0,-9.0,-23.0,-30.0,-63.5,-66.0,9.0,0.0,20.0,52.0,81.0,73.0,11.0,6.0,-21.0,-62.0,-28.0,-36.0,-42.0,-51.0,-72.0,12.0,0.0,16.0,17.0,18.0,18.0,20.0,20.0,0.0,20.0,21.0,21.0,20.0,22.0,22.0,1.0,24.0,54.0,77.0,74.0,42.0,15.0,-14.0,-50.0,-60.0,-49.0,-49.0,-62.0,-68.0,30.0,52.0,36.0
La,-60.0,6.0,-29.0,-47.0,-116.0,-235.0,24.0,-7.0,-38.0,-73.0,-112.5,46.0,8.0,2.0,20.0,22.0,17.0,3.0,5.0,-17.0,-27.0,-21.0,-31.0,-41.0,-73.5,-81.0,52.0,14.0,0.0,13.0,36.0,31.0,-23.0,-28.0,-50.0,-82.0,-30.0,-36.0,-39.0,-53.0,-71.0,57.0,16.0,0.0,0.0,0.0,0.0,0.0,0.0,11.0,0.0,0.0,0.0,0.0,1.0,1.0,8.0,1.0,15.0,33.0,32.0,3.0,-21.0,-48.0,-80.0,-73.0,-45.0,-38.0,-51.0,-58.0,3.0,15.0,7.0
Ce,-61.0,7.0,-30.0,-48.0,-116.0,-234.0,25.0,-7.0,-38.0,-73.0,-112.5,47.0,9.0,2.0,18.0,20.0,15.0,1.0,3.0,-18.0,-28.0,-21.0,-31.0,-41.0,-73.5,-81.0,53.0,15.0,0.0,12.0,34.0,29.0,-25.0,-30.0,-52.0,-83.0,-30.0,-36.0,-38.0,-52.0,-70.0,59.0,17.0,0.0,0.0,0.0,0.0,0.0,0.0,12.0,0.0,0.0,0.0,0.0,0.0,0.0,8.0,1.0,14.0,31.0,29.0,0.0,-24.0,-50.0,-81.0,-73.0,-44.0,-37.0,-50.0,-57.0,2.0,14.0,6.0
Pr,-61.0,7.0,-31.0,-49.0,-117.0,-233.0,26.0,-6.0,-38.0,-73.0,-112.5,49.0,10.0,1.0,17.0,18.0,13.0,0.0,1.0,-20.0,-30.0,-22.0,-31.0,-41.0,-72.5,-81.0,55.0,16.0,0.0,10.0,32.0,26.0,-27.0,-32.0,-53.0,-83.0,-30.0,-35.0,-37.0,-52.0,-69.0,60.0,18.0,0.0,0.0,0.0,0.0,0.0,0.0,13.0,0.0,0.0,0.0,0.0,0.0,0.0,9.0,0.0,13.0,29.0,26.0,-2.0,-26.0,-52.0,-82.0,-73.0,-43.0,-36.0,-49.0,-56.0,2.0,12.0,5.0
Nd,-61.0,7.0,-31.0,-49.0,-116.0,-235.0,26.0,-6.0,-38.0,-73.0,-112.5,49.0,10.0,2.0,17.0,18.0,13.0,0.0,1.0,-20.0,-30.0,-22.0,-31.0,-40.0,-101.5,-80.0,55.0,16.0,0.0,10.0,32.0,26.0,-27.0,-32.0,-53.0,-83.0,-29.0,-35.0,-37.0,-51.0,-69.0,60.0,18.0,0.0,0.0,0.0,0.0,0.0,0.0,13.0,0.0,0.0,0.0,0.0,0.0,0.0,9.0,0.0,13.0,29.0,26.0,-2.0,-26.0,-51.0,-82.0,-73.0,-43.0,-36.0,-49.0,-55.0,2.0,12.0,5.0
Pm,-61.0,8.0,-33.0,-51.0,-118.0,-233.0,28.0,-6.0,-39.0,-74.0,-114.5,51.0,11.0,1.0,15.0,16.0,10.0,-2.0,-2.0,-23.0,-32.0,-23.0,-32.0,-41.0,-73.5,-81.0,57.0,18.0,0.0,9.0,29.0,23.0,-30.0,-35.0,-56.0,-86.0,-30.0,-35.0,-37.0,-52.0,-69.0,63.0,20.0,0.0,0.0,0.0,0.0,0.0,0.0,14.0,0.0,0.0,0.0,0.0,0.0,0.0,11.0,0.0,11.0,27.0,23.0,-5.0,-29.0,-55.0,-85.0,-75.0,-43.0,-35.0,-49.0,-55.0,1.0,10.0,4.0
Sm,-61.0,8.0,-32.0,-50.0,-117.0,-202.0,28.0,-6.0,-38.0,-74.0,-113.5,50.0,11.0,1.0,15.0,17.0,11.0,-1.0,-1.0,-22.0,-31.0,-22.0,-31.0,-40.0,-72.5,-80.0,56.0,17.0,0.0,9.0,30.0,24.0,-29.0,-34.0,-54.0,-84.0,-30.0,-35.0,-36.0,-51.0,-68.0,62.0,20.0,0.0,0.0,0.0,0.0,0.0,0.0,14.0,0.0,0.0,0.0,0.0,0.0,0.0,10.0,0.0,11.0,27.0,24.0,-4.0,-28.0,-53.0,-84.0,-74.0,-43.0,-35.0,-48.0,-54.0,1.0,11.0,4.0
Eu,-45.0,-1.0,-12.0,-19.0,-87.0,-231.0,0.0,-5.0,-19.0,-49.0,-79.5,10.0,0.0,21.0,48.0,49.0,43.0,23.0,30.0,7.0,-3.0,-10.0,-21.0,-27.0,-58.5,-60.0,13.0,0.0,14.0,42.0,69.0,63.0,6.0,2.0,-24.0,-61.0,-27.0,-32.0,-35.0,-44.0,-63.0,16.0,0.0,11.0,12.0,13.0,13.0,14.0,14.0,0.0,14.0,15.0,15.0,15.0,16.0,16.0,0.0,18.0,44.0,66.0,64.0,34.0,9.0,-18.0,-51.0,-58.0,-43.0,-41.0,-53.0,-58.0,23.0,43.0,29.0
Gd,-61.0,8.0,-32.0,-50.0,-117.0,-232.0,28.0,-6.0,-39.0,-73.0,-113.5,50.0,11.0,1.0,15.0,17.0,11.0,-1.0,-1.0,-22.0,-31.0,-22.0,-31.0,-40.0,-72.5,-80.0,56.0,17.0,0.0,9.0,30.0,24.0,-29.0,-34.0,-54.0,-84.0,-29.0,-35.0,-36.0,-51.0,-68.0,62.0,20.0,0.0,0.0,0.0,0.0,0.0,0.0,14.0,0.0,0.0,0.0,0.0,0.0,0.0,10.0,0.0,11.0,27.0,24.0,-4.0,-28.0,-53.0,-83.0,-74.0,-43.0,-35.0,-48.0,-54.0,1.0,11.0,4.0
Tb,-61.0,9.0,-33.0,-51.0,-118.0,-232.0,29.0,-6.0,-39.0,-74.0,-113.5,52.0,12.0,1.0,14.0,15.0,9.0,-3.0,-3.0,-23.0,-32.0,-23.0,-31.0,-40.0,-72.5,-80.0,58.0,18.0,0.0,8.0,28.0,22.0,-30.0,-35.0,-56.0,-85.0,-29.0,-34.0,-35.0,-50.0,-67.0,64.0,21.0,0.0,0.0,0.0,0.0,0.0,0.0,15.0,0.0,0.0,0.0,0.0,0.0,0.0,11.0,0.0,10.0,25.0,21.0,-7.0,-30.0,-55.0,-85.0,-74.0,-42.0,-34.0,-47.0,-53.0,1.0,10.0,3.0
Dy,-61.0,9.0,-32.0,-51.0,-117.0,-231.0,29.0,-6.0,-38.0,-74.0,-112.5,51.0,12.0,1.0,14.0,15.0,9.0,-3.0,-3.0,-23.0,-32.0,-22.0,-31.0,-40.0,-71.5,-80.0,58.0,18.0,0.0,8.0,27.0,22.0,-30.0,-35.0,-55.0,-84.0,-29.0,-34.0,-35.0,-50.0,-67.0,63.0,21.0,0.0,0.0,0.0,0.0,0.0,0.0,15.0,0.0,0.0,0.0,0.0,0.0,0.0,11.0,0.0,10.0,25.0,21.0,-7.0,-29.0,-55.0,-84.0,-74.0,-42.0,-34.0,-46.0,-53.0,1.0,9.0,3.0
Ho,-60.0,8.0,-32.0,-50.0,-116.0,-229.0,28.0,-6.0,-38.0,-73.0,-111.5,51.0,11.0,1.0,14.0,16.0,10.0,-2.0,-2.0,-22.0,-31.0,-22.0,-30.0,-39.0,-71.5,-79.0,57.0,18.0,0.0,9.0,28.0,22.0,-29.0,-34.0,-54.0,-83.0,-29.0,-33.0,-35.0,-49.0,-66.0,62.0,20.0,0.0,0.0,0.0,0.0,0.0,0.0,15.0,0.0,0.0,0.0,0.0,0.0,0.0,11.0,0.0,10.0,26.0,22.0,-5.0,-28.0,-53.0,-83.0,-72.0,-41.0,-33.0,-46.0,-52.0,1.0,10.0,3.0
Er,-61.0,9.0,-33.0,-52.0,-118.0,-230.0,30.0,-5.0,-38.0,-74.0,-113.5,53.0,13.0,0.0,13.0,14.0,8.0,-4.0,-5.0,-24.0,-34.0,-23.0,-31.0,-40.0,-71.5,-79.0,59.0,20.0,0.0,7.0,26.0,20.0,-32.0,-37.0,-57.0,-85.0,-29.0,-33.0,-34.0,-49.0,-66.0,65.0,22.0,1.0,0.0,0.0,0.0,0.0,0.0,16.0,0.0,0.0,0.0,0.0,0.0,0.0,12.0,0.0,9.0,23.0,19.0,-9.0,-31.0,-56.0,-86.0,-74.0,-41.0,-33.0,-45.0,-52.0,1.0,8.0,2.0
Tm,-61.0,9.0,-33.0,-52.0,-117.0,-229.0,30.0,-5.0,-38.0,-74.0,-112.5,52.0,13.0,0.0,12.0,13.0,8.0,-4.0,-5.0,-24.0,-34.0,-23.0,-30.0,-39.0,-71.5,-79.0,59.0,20.0,0.0,7.0,25.0,19.0,-32.0,-37.0,-56.0,-85.0,-29.0,-33.0,-34.0,-49.0,-66.0,65.0,22.0,1.0,0.0,0.0,0.0,0.0,0.0,16.0,0.0,0.0,0.0,0.0,0.0,0.0,12.0,0.0,9.0,23.0,19.0,-9.0,-31.0,-56.0,-85.0,-74.0,-41.0,-32.0,-45.0,-51.0,1.0,8.0,2.0
Yb,-45.0,-1.0,-14.0,-22.0,-88.0,-199.0,2.0,-6.0,-20.0,-51.0,-80.5,12.0,0.0,16.0,41.0,43.0,37.0,19.0,25.0,2.0,-7.0,-12.0,-21.0,-27.0,-58.5,-59.0,16.0,1.0,10.0,36.0,61.0,55.0,1.0,-4.0,-28.0,-62.0,-28.0,-31.0,-34.0,-43.0,-61.0,19.0,1.0,8.0,8.0,9.0,9.0,11.0,10.0,0.0,10.0,11.0,11.0,11.0,12.0,12.0,0.0,14.0,38.0,58.0,56.0,28.0,4.0,-22.0,-54.0,-59.0,-42.0,-39.0,-50.0,-55.0,18.0,36.0,24.0
Lu,-61.0,10.0,-35.0,-54.0,-119.0,-231.0,31.0,-5.0,-39.0,-75.0,-114.5,55.0,14.0,0.0,11.0,11.0,5.0,-6.0,-7.0,-27.0,-36.0,-24.0,-31.0,-40.0,-71.5,-80.0,61.0,21.0,0.0,6.0,23.0,17.0,-35.0,-40.0,-59.0,-87.0,-30.0,-33.0,-34.0,-49.0,-66.0,67.0,24.0,1.0,1.0,0.0,0.0,0.0,0.0,18.0,0.0,0.0,0.0,0.0,0.0,0.0,14.0,0.0,8.0,21.0,16.0,-12.0,-34.0,-59.0,-88.0,-75.0,-41.0,-32.0,-45.0,-51.0,0.0,7.0,1.0
Hf,-63.0,30.0,-37.0,-66.0,-123.0,-218.0,63.0,10.0,-39.0,-77.0,-117.5,92.0,39.0,5.0,0.0,-2.0,-9.0,-12.0,-21.0,-35.0,-42.0,-17.0,-24.0,-34.0,-65.5,-75.0,98.0,50.0,11.0,0.0,4.0,-4.0,-47.0,-52.0,-63.0,-80.0,-13.0,-19.0,-18.0,-35.0,-50.0,104.0,54.0,15.0,14.0,13.0,13.0,11.0,11.0,44.0,11.0,10.0,10.0,10.0,9.0,9.0,38.0,8.0,0.0,3.0,-6.0,-30.0,-48.0,-68.0,-90.0,-63.0,-23.0,-11.0,-23.0,-30.0,6.0,-2.0,-1.0
Ta,-46.0,48.0,-24.0,-54.0,-101.0,-173.0,89.0,30.0,-19.0,-56.0,-89.5,119.0,60.0,16.0,1.0,-1.0,-7.0,-4.0,-15.0,-24.0,-29.0,2.0,-3.0,-10.0,-37.5,-45.0,125.0,73.0,27.0,3.0,0.0,-5.0,-35.0,-39.0,-45.0,-52.0,15.0,9.0,13.0,-3.0,-13.0,130.0,77.0,33.0,31.0,29.0,29.0,27.0,27.0,66.0,27.0,25.0,25.0,26.0,23.0,23.0,58.0,21.0,3.0,0.0,-7.0,-24.0,-38.0,-52.0,-66.0,-32.0,9.0,24.0,15.0,9.0,18.0,3.0,8.0
W,-24.0,50.0,-3.0,-31.0,-60.0,-103.0,97.0,38.0,-2.0,-31.0,-46.5,124.0,57.0,9.0,-6.0,-1.0,1.0,6.0,0.0,-1.0,-3.0,22.0,15.0,11.0,-7.5,-9.0,129.0,70.0,24.0,-9.0,-8.0,0.0,-7.0,-10.0,-9.0,-6.0,43.0,33.0,38.0,27.0,25.0,132.0,74.0,32.0,29.0,26.0,26.0,23.0,24.0,64.0,24.0,21.0,21.0,22.0,19.0,19.0,56.0,16.0,-6.0,-7.0,0.0,-4.0,-10.0,-16.0,-20.0,12.0,38.0,52.0,49.0,45.0,12.0,1.0,8.0
Re,-18.0,29.0,0.0,-25.0,-42.0,-72.0,73.0,21.0,-9.0,-31.0,-32.5,95.0,28.0,-17.0,-25.0,-13.0,-4.0,-1.0,0.0,2.0,2.0,18.0,8.0,3.0,-7.5,-6.0,98.0,39.0,-4.0,-35.0,-26.0,-7.0,0.0,-1.0,1.0,6.0,38.0,25.0,29.0,20.0,23.0,101.0,42.0,3.0,0.0,-2.0,-2.0,-5.0,-4.0,34.0,-4.0,-7.0,-7.0,-5.0,-9.0,-9.0,28.0,-12.0,-30.0,-24.0,-4.0,0.0,-1.0,-3.0,-4.0,20.0,33.0,44.0,44.0,40.0,-16.0,-17.0,-10.0
Os,-19.0,11.0,-2.0,-24.0,-35.0,-60.0,52.0,5.0,-18.0,-36.0,-29.5,70.0,4.0,-39.0,-41.0,-23.0,-11.0,-9.0,-4.0,0.0,1.0,10.0,-1.0,-7.0,-14.5,-11.0,72.0,13.0,-28.0,-55.0,-39.0,-14.0,0.0,0.0,2.0,8.0,28.0,14.0,16.0,9.0,14.0,74.0,15.0,-21.0,-24.0,-26.0,-26.0,-29.0,-28.0,9.0,-28.0,-30.0,-29.0,-28.0,-31.0,-31.0,4.0,-34.0,-48.0,-38.0,-10.0,-1.0,0.0,-1.0,0.0,18.0,23.0,30.0,32.0,29.0,-39.0,-33.0,-26.0
Ir,-20.0,-9.0,-5.0,-26.0,-32.0,-54.0,28.0,-13.0,-30.0,-43.0,-30.5,42.0,-23.0,-62.0,-57.0,-34.0,-18.0,-18.0,-9.0,-3.0,-2.0,0.0,-13.0,-21.0,-24.5,-19.0,44.0,-16.0,-53.0,-76.0,-53.0,-21.0,-2.0,-1.0,1.0,6.0,16.0,0.0,0.0,-5.0,1.0,45.0,-14.0,-48.0,-50.0,-52.0,-51.0,-55.0,-53.0,-18.0,-53.0,-55.0,-55.0,-53.0,-56.0,-56.0,-22.0,-59.0,-68.0,-52.0,-16.0,-3.0,-1.0,0.0,0.0,13.0,9.0,14.0,16.0,14.0,-64.0,-50.0,-44.0
Pt,-24.0,-33.0,-10.0,-28.0,-30.0,-52.0,-1.0,-35.0,-44.0,-53.0,-34.5,9.0,-55.0,-89.0,-74.0,-45.0,-24.0,-28.0,-13.0,-7.0,-5.0,-12.0,-29.0,-38.0,-37.5,-31.0,9.0,-50.0,-83.0,-100.0,-67.0,-28.0,-3.0,-1.0,-2.0,2.0,-1.0,-18.0,-21.0,-25.0,-17.0,10.0,-50.0,-80.0,-81.0,-82.0,-82.0,-85.0,-84.0,-51.0,-83.0,-85.0,-84.0,-83.0,-86.0,-85.0,-54.0,-88.0,-90.0,-66.0,-20.0,-4.0,0.0,0.0,0.0,4.0,-9.0,-8.0,-5.0,-8.0,-94.0,-68.0,-63.0
Au,-8.0,-37.0,0.0,-2.0,-20.0,-58.0,-14.0,-32.0,-22.0,-30.0,-13.5,-9.0,-60.0,-74.0,-47.0,-19.0,0.0,-11.0,8.0,7.0,7.0,-9.0,-16.0,-19.0,-21.5,-11.0,-10.0,-59.0,-74.0,-74.0,-32.0,3.0,14.0,15.0,7.0,0.0,-6.0,-11.0,-11.0,-10.0,-4.0,-9.0,-60.0,-73.0,-73.0,-73.0,-73.0,-75.0,-74.0,-58.0,-74.0,-74.0,-74.0,-72.0,-74.0,-74.0,-59.0,-75.0,-63.0,-32.0,12.0,20.0,18.0,13.0,4.0,0.0,-4.0,-2.0,2.0,2.0,-78.0,-43.0,-45.0
Hg,-3.0,-19.0,15.0,19.0,-20.0,-81.0,-11.0,-10.0,4.0,-10.0,-4.5,-10.0,-43.0,-37.0,-10.0,10.0,21.0,4.0,22.0,12.0,8.0,8.0,1.0,1.0,-11.5,0.0,-11.0,-45.0,-43.0,-31.0,11.0,32.0,18.0,18.0,2.0,-18.0,-1.0,0.0,-1.0,0.0,-1.0,-11.0,-49.0,-45.0,-44.0,-43.0,-43.0,-43.0,-43.0,-43.0,-43.0,-42.0,-42.0,-41.0,-41.0,-41.0,-42.0,-41.0,-23.0,9.0,38.0,33.0,23.0,9.0,-9.0,-4.0,0.0,1.0,1.0,1.0,-39.0,-10.0,-18.0
Tl,-3.0,-15.0,23.0,27.0,-19.0,-91.0,-11.0,-3.0,11.0,-4.0,-1.5,-13.0,-40.0,-28.0,2.0,22.0,31.0,11.0,31.0,18.0,13.0,15.0,6.0,6.0,-9.5,3.0,-14.0,-44.0,-35.0,-19.0,26.0,46.0,25.0,24.0,5.0,-21.0,3.0,2.0,0.0,2.0,-1.0,-15.0,-49.0,-38.0,-37.0,-36.0,-36.0,-35.0,-35.0,-41.0,-35.0,-34.0,-34.0,-33.0,-33.0,-32.0,-39.0,-32.0,-11.0,24.0,52.0,44.0,30.0,14.0,-8.0,-2.0,1.0,0.0,-1.0,-1.0,-28.0,1.0,-10.0
Pb,-1.0,-21.0,25.0,30.0,-13.0,-82.0,-18.0,-8.0,10.0,-2.0,4.5,-21.0,-52.0,-40.0,-8.0,15.0,28.0,7.0,29.0,17.0,13.0,15.0,5.0,5.0,-7.5,6.0,-23.0,-56.0,-48.0,-33.0,17.0,42.0,26.0,25.0,6.0,-18.0,3.0,2.0,-1.0,2.0,1.0,-25.0,-62.0,-51.0,-50.0,-49.0,-49.0,-49.0,-48.0,-53.0,-48.0,-47.0,-46.0,-46.0,-45.0,-45.0,-50.0,-45.0,-23.0,15.0,49.0,44.0,32.0,16.0,-5.0,2.0,1.0,-1.0,0.0,0.0,-41.0,-9.0,-20.0
Bi,0.0,-23.0,26.0,31.0,-12.0,-80.0,-20.0,-10.0,10.0,-2.0,5.5,-24.0,-56.0,-46.0,-14.0,10.0,24.0,3.0,26.0,14.0,10.0,15.0,4.0,4.0,-7.5,7.0,-26.0,-61.0,-54.0,-40.0,12.0,38.0,23.0,23.0,3.0,-21.0,2.0,1.0,-1.0,1.0,1.0,-27.0,-68.0,-58.0,-57.0,-56.0,-55.0,-55.0,-54.0,-58.0,-54.0,-53.0,-53.0,-52.0,-52.0,-51.0,-55.0,-51.0,-30.0,9.0,45.0,40.0,29.0,14.0,-8.0,2.0,1.0,-1.0,0.0,0.0,-48.0,-15.0,-26.0
Th,-61.0,14.0,-37.0,-57.0,-123.0,-237.0,39.0,-3.0,-40.0,-77.0,-119.5,65.0,19.0,0.0,8.0,9.0,2.0,-8.0,-11.0,-30.0,-39.0,-24.0,-30.0,-39.0,-72.5,-82.0,72.0,27.0,1.0,4.0,20.0,13.0,-39.0,-45.0,-63.0,-91.0,-29.0,-32.0,-31.0,-48.0,-65.0,78.0,30.0,3.0,2.0,2.0,2.0,1.0,1.0,23.0,1.0,1.0,1.0,1.0,1.0,1.0,18.0,0.0,6.0,18.0,12.0,-16.0,-39.0,-64.0,-94.0,-78.0,-39.0,-28.0,-41.0,-48.0,0.0,4.0,0.0
U,-53.0,30.0,-27.0,-54.0,-105.0,-189.0,65.0,14.0,-30.0,-66.0,-98.5,93.0,37.0,3.0,0.0,1.0,-3.0,-5.0,-11.0,-23.0,-29.0,-7.0,-15.0,-25.0,-52.5,-60.0,99.0,48.0,11.0,-3.0,4.0,2.0,-31.0,-36.0,-46.0,-59.0,0.0,-8.0,-7.0,-23.0,-34.0,104.0,52.0,15.0,14.0,12.0,12.0,10.0,11.0,43.0,11.0,10.0,9.0,10.0,8.0,8.0,36.0,7.0,-2.0,3.0,1.0,-17.0,-33.0,-50.0,-68.0,-43.0,-10.0,1.0,-9.0,-15.0,4.0,0.0,1.0
Pu,-54.0,21.0,-25.0,-50.0,-102.0,-188.0,49.0,6.0,-33.0,-66.0,-95.5,72.0,24.0,-1.0,2.0,4.0,2.0,-4.0,-6.0,-19.0,-25.0,-9.0,-20.0,-29.0,-56.5,-62.0,77.0,33.0,4.0,-3.0,9.0,8.0,-26.0,-30.0,-42.0,-58.0,-6.0,-16.0,-16.0,-30.0,-42.0,81.0,36.0,7.0,6.0,5.0,5.0,4.0,4.0,29.0,4.0,3.0,3.0,3.0,2.0,2.0,24.0,1.0,-1.0,8.0,8.0,-10.0,-26.0,-44.0,-63.0,-45.0,-18.0,-10.0,-20.0,-26.0,0.0,1.0,0.0
